{
  "ece": 0.09542438983917234,
  "slope": 0.007417967241976073,
  "intercept": 0.40529316001833254,
  "temperature": 1.5030784606933594
}